z_center,delta_mB,p_value,n_void,n_cluster
0.30000000000000004,0.6741038305404494,0.0006678884393717361,18,18
0.5,1.014716982989853,2.5678781398091176e-07,14,9
0.7,0.8436771469500535,7.599600587637955e-11,18,16
